Planned_Story_Points_Sprint,Completed_Story_Points,Percent_Done,Days_Remaining_Sprint,Historical_Velocity,Blocked_Stories,Scope_Change,Success_Label,Planned_Story_Points_Resource,Current_Assigned_SP,Historical_Avg_SP,Remaining_Days_Resource,High_Priority_Tasks_Resource,Current_Workload_Percent,Expected_Overload,Issue_Type,Priority,Original_Estimate_Hours,Story_Points_Issue,Resolution_Time_Hours,Total_SP_This_Sprint,Historical_Avg_SP_Burnout,High_Priority_Tasks_Burnout,Consecutive_Overloads,Risk_Flag,Summary,Labels,Original_Estimate_Resource,Story_Points_Resource,Assignee_Resource
58,16,89.44563873459245,3,36,3,7,No,23,61,14,1,1,131,No,Story,Low,4,8,8.906089246959594,49,37,1,1,Yes,Performance improvement,Task,13,4,Alice
71,68,76.03290246102404,4,29,0,-9,Yes,22,35,29,10,4,79,Yes,Task,High,3,8,18.549289767943247,16,10,0,1,Yes,Performance improvement,Enhancement,17,3,Dev
48,60,69.78160223348301,6,36,4,-10,Yes,38,31,17,11,2,90,Yes,Story,Low,13,5,14.619775884939186,47,13,4,1,Yes,API issue,Task,3,5,Bob
34,31,36.55723374796647,8,39,1,4,Yes,21,48,21,5,1,105,No,Bug,Low,9,9,14.988540808702936,70,16,0,3,No,Performance improvement,Task,6,5,Dev
62,37,55.74010621416035,6,43,0,-6,No,48,11,10,4,2,81,No,Bug,Low,6,1,30.08300919594243,12,18,0,2,No,Fix login bug,Task,5,7,Alice
27,11,48.564165737720785,4,24,1,9,No,11,47,29,2,3,71,Yes,Task,High,12,4,10.48400864919746,60,45,5,0,Yes,Fix login bug,Task,17,4,Dev
40,51,47.07927503653585,9,53,2,0,No,41,48,37,8,0,82,No,Bug,Low,2,3,26.390678436503507,56,28,0,1,Yes,Performance improvement,Bug,2,4,Charlie
58,54,98.11073883267119,9,25,4,-1,No,22,35,46,3,4,122,No,Task,Low,3,2,23.684685707475523,77,10,2,0,Yes,API issue,Enhancement,15,9,Alice
77,66,57.51684072667323,6,21,0,-9,No,55,55,46,4,2,101,No,Bug,Low,3,8,23.58751546883896,47,19,0,3,No,UI update,Task,5,6,Charlie
38,62,92.44325886239793,9,32,0,-8,No,36,67,21,12,1,85,Yes,Story,Low,12,7,27.194279153387484,45,45,2,1,No,API issue,Enhancement,6,4,Dev
42,15,74.1797038198084,4,30,0,1,No,58,59,46,7,2,101,Yes,Story,Low,15,9,22.83851737543485,50,18,4,3,Yes,UI update,Enhancement,6,2,Charlie
30,37,85.6367912479154,2,42,0,9,Yes,50,24,37,10,1,101,Yes,Story,Low,9,2,35.411694364162614,78,41,2,2,Yes,Performance improvement,Enhancement,18,6,Alice
30,37,65.18459651736345,6,35,0,-6,Yes,26,43,24,9,2,80,No,Story,High,8,4,27.67204349410987,22,41,4,3,Yes,Performance improvement,Task,18,2,Charlie
43,53,70.38327192384514,1,50,1,-6,No,49,51,15,2,1,79,No,Task,Low,11,6,22.78460355211275,67,15,4,3,Yes,Fix login bug,Bug,4,5,Dev
72,53,64.47623856732048,8,30,4,-5,Yes,40,64,29,3,3,84,Yes,Bug,Medium,16,3,33.53099857093051,59,47,2,2,No,UI update,Task,17,6,Dev
55,29,43.66700914586312,9,35,2,-2,Yes,43,53,23,4,1,86,Yes,Task,Low,4,8,25.03356946747223,39,26,1,0,Yes,API issue,Enhancement,14,4,Dev
59,39,80.57164806830536,9,27,2,-9,No,33,58,11,10,1,109,Yes,Story,Low,1,3,13.063481415836803,71,19,3,2,No,Performance improvement,Enhancement,14,3,Alice
43,20,49.654065370859904,0,23,2,1,Yes,54,49,18,1,0,87,No,Task,High,7,2,9.869606890709706,34,36,0,2,Yes,API issue,Bug,13,7,Dev
22,67,31.702117650201767,5,59,2,-8,Yes,44,20,46,7,1,124,Yes,Bug,High,2,3,7.788455855181795,36,44,5,3,Yes,Fix login bug,Task,7,2,Alice
41,64,75.18306071350175,6,23,1,9,Yes,57,12,29,2,0,94,Yes,Task,Medium,5,6,36.17929807675186,60,30,3,0,Yes,UI update,Enhancement,12,6,Charlie
72,37,42.39774755849343,7,44,3,1,Yes,15,68,35,5,4,128,No,Bug,Medium,7,2,28.9851464083265,66,34,0,1,Yes,UI update,Bug,15,4,Dev
21,34,95.832100904704,9,22,4,6,Yes,28,15,38,1,0,91,No,Task,High,4,8,37.620380650244186,56,37,0,2,Yes,Performance improvement,Enhancement,19,6,Charlie
43,48,96.77500039018112,8,51,0,-1,No,39,18,10,3,3,99,No,Bug,High,5,1,24.925088617167834,48,24,4,0,No,UI update,Bug,11,4,Bob
63,42,94.0405073154314,1,22,3,3,No,16,15,44,12,0,113,Yes,Bug,Low,1,7,19.989233496806676,25,13,0,2,Yes,Performance improvement,Bug,15,4,Charlie
49,10,55.9111090178811,9,46,2,6,No,19,18,15,2,4,101,No,Story,High,1,2,4.269226580893794,31,38,5,2,Yes,Fix login bug,Task,12,4,Bob
57,66,31.08196315702072,1,48,3,7,Yes,50,48,46,1,3,120,No,Bug,Medium,15,6,27.522406698749133,63,18,0,2,Yes,UI update,Enhancement,3,9,Charlie
21,36,94.98229938114078,4,51,4,8,No,41,40,14,7,2,115,Yes,Story,Low,19,2,24.123932871192785,30,36,2,2,No,Performance improvement,Task,17,7,Alice
79,66,59.972890382212,4,38,0,6,Yes,43,41,42,5,2,90,No,Story,Medium,10,2,39.62793795632962,25,35,3,3,No,API issue,Enhancement,3,3,Charlie
40,61,97.66583733305687,5,40,0,3,Yes,37,50,23,1,0,101,Yes,Story,Low,18,8,11.088033555725236,68,28,2,0,No,Performance improvement,Task,19,3,Alice
52,22,97.45339839624769,2,24,4,-2,Yes,24,59,21,6,0,108,Yes,Task,High,3,2,22.168019500899764,40,37,5,0,No,UI update,Enhancement,4,6,Alice
31,50,89.71066188271521,7,37,4,-3,Yes,39,21,29,5,4,81,No,Task,Medium,11,7,26.73637873448676,51,26,0,0,Yes,Fix login bug,Task,3,6,Dev
77,12,50.611422444870996,0,47,2,-9,No,46,17,33,3,4,116,No,Task,Low,15,3,26.494464640209056,41,29,5,2,Yes,UI update,Bug,16,4,Alice
41,48,56.956841002134766,5,41,0,2,No,38,17,43,12,1,87,No,Task,Low,11,8,23.329154632039305,68,49,4,3,Yes,UI update,Enhancement,12,9,Bob
63,15,89.57956700617999,3,40,3,-4,Yes,31,59,34,7,4,90,No,Bug,High,17,7,31.52326439243457,43,48,2,2,No,Performance improvement,Enhancement,8,4,Dev
44,17,52.18454036093944,0,25,1,-2,No,13,37,38,11,1,82,No,Bug,High,17,8,9.789285962019024,18,32,2,2,Yes,API issue,Bug,17,9,Dev
68,36,41.864492268026474,6,20,1,0,Yes,29,29,48,10,3,90,No,Task,High,6,7,29.5738336104278,20,41,1,0,Yes,UI update,Task,7,4,Charlie
46,18,68.97608837208452,8,24,4,3,No,41,56,40,9,0,77,Yes,Bug,Medium,5,6,25.54991371445739,19,42,0,2,No,API issue,Enhancement,11,2,Alice
78,46,95.53083419125467,3,31,2,-7,No,45,68,32,14,3,115,Yes,Bug,Low,8,7,36.05085424819379,26,14,4,1,No,Performance improvement,Enhancement,18,2,Alice
61,42,78.7220857672481,3,45,1,2,Yes,59,16,47,13,4,76,No,Story,High,2,5,34.193388683276105,77,43,2,2,No,API issue,Task,1,5,Bob
47,60,69.90428190625555,5,53,0,-9,No,13,20,29,13,3,92,Yes,Story,Medium,16,7,13.975587487037025,57,49,2,1,Yes,Performance improvement,Bug,3,4,Charlie
79,51,36.8023545639538,2,33,4,-6,Yes,36,29,32,9,3,91,No,Story,Medium,12,1,12.497018349055818,61,20,4,2,Yes,Fix login bug,Task,4,7,Charlie
35,53,73.05050586894188,5,45,3,0,No,26,25,25,14,3,91,Yes,Story,Medium,6,1,39.302826306393015,34,12,5,3,No,API issue,Task,13,5,Dev
34,33,99.30376950729843,6,46,4,-5,Yes,21,13,17,9,4,98,Yes,Bug,High,1,9,22.03607687477975,30,42,5,3,Yes,API issue,Task,6,6,Dev
66,24,39.80588106655668,9,28,3,7,Yes,31,15,30,2,3,82,Yes,Task,High,4,5,36.4439966287486,74,20,0,0,No,Fix login bug,Enhancement,14,4,Dev
70,68,66.28307566546158,9,45,4,-1,No,26,67,10,3,1,71,No,Bug,Low,17,5,8.227478903658323,72,25,1,2,No,API issue,Bug,5,2,Bob
63,63,91.41611503495687,2,41,4,-7,No,19,31,17,7,4,98,Yes,Bug,Low,13,3,26.42711876240662,60,27,2,1,Yes,Fix login bug,Bug,16,9,Bob
74,41,81.85380324279431,6,49,4,-2,Yes,10,35,38,5,3,121,No,Bug,High,18,5,32.77468711970228,45,39,1,1,No,UI update,Task,15,7,Dev
71,41,78.79110186966875,2,36,3,-5,No,31,12,41,2,4,96,Yes,Story,Medium,5,3,38.00101948428498,75,19,5,2,No,Performance improvement,Enhancement,15,4,Charlie
76,33,79.17388587909764,1,45,3,-9,No,35,50,47,3,2,119,Yes,Story,Medium,3,9,14.818925358646892,24,27,5,1,No,Fix login bug,Task,4,3,Bob
22,50,55.16438058538286,9,55,4,6,Yes,27,69,14,10,1,92,Yes,Story,Medium,11,9,29.549284457113995,48,47,3,3,Yes,API issue,Enhancement,8,3,Charlie
56,61,50.55142909851453,3,20,1,-6,Yes,59,51,31,6,3,113,Yes,Task,Low,13,6,22.474894343505525,79,28,0,1,No,Fix login bug,Enhancement,16,9,Charlie
70,58,86.65528088349595,7,27,2,-5,No,23,23,43,13,2,91,Yes,Bug,Medium,4,1,4.303899190525791,10,45,3,0,No,API issue,Enhancement,16,5,Alice
26,58,86.70793762754266,8,54,2,1,Yes,56,20,10,7,2,112,No,Task,Low,14,7,28.21999001773985,32,22,3,3,No,UI update,Enhancement,4,3,Dev
40,67,90.69506230060726,6,34,2,-1,Yes,38,27,35,9,4,106,No,Story,Low,11,7,28.22366921303805,48,12,3,3,No,Fix login bug,Bug,13,5,Alice
28,61,93.92683867895299,0,41,3,-5,Yes,21,63,19,1,2,130,Yes,Task,Medium,10,4,37.36305858416841,66,19,0,3,No,UI update,Enhancement,13,2,Dev
58,21,65.79396792026564,2,33,3,-3,No,45,21,39,11,1,125,Yes,Bug,Medium,19,8,20.89787295442095,43,47,0,2,No,Performance improvement,Enhancement,2,4,Dev
37,48,65.10614062810397,8,45,1,-9,No,44,32,27,7,1,72,Yes,Bug,High,18,6,10.749534986999558,50,10,4,2,No,API issue,Task,3,2,Charlie
23,11,85.88066252767426,0,47,2,1,Yes,21,21,26,8,0,132,Yes,Story,High,6,4,3.6934252910498078,22,36,1,3,Yes,API issue,Task,8,2,Dev
44,12,75.49747515444356,8,42,2,2,No,16,22,35,12,1,88,No,Story,Medium,15,4,17.794403094064414,79,17,1,2,Yes,UI update,Bug,15,8,Charlie
79,58,79.13768140803924,7,33,4,-4,Yes,38,34,17,14,2,92,Yes,Task,Low,10,2,13.472834602945069,15,26,4,1,No,Performance improvement,Task,11,1,Charlie
33,46,85.70548686052707,0,43,3,-1,No,20,54,49,3,1,98,No,Story,Low,5,2,30.92135562890727,61,18,4,2,Yes,Fix login bug,Enhancement,9,7,Dev
69,58,92.30037392722964,5,21,2,2,Yes,42,60,21,4,4,99,Yes,Story,Low,5,4,15.462175063959771,12,15,5,2,Yes,Fix login bug,Task,7,5,Charlie
77,65,53.65966097960751,4,45,1,6,Yes,15,67,36,10,0,108,No,Bug,Low,10,5,38.06470545996407,72,34,3,3,No,API issue,Bug,13,8,Charlie
28,26,56.29080668479608,5,33,1,3,No,56,28,17,6,2,94,Yes,Story,Low,5,8,38.5677877135358,58,48,4,0,Yes,UI update,Task,2,1,Charlie
45,68,36.57873578886083,9,26,2,-9,Yes,24,64,34,10,0,77,Yes,Story,High,3,6,25.594526428272907,56,37,2,0,No,UI update,Task,8,7,Bob
72,58,70.47960986973217,4,22,3,0,No,41,55,13,7,2,127,No,Bug,Medium,6,4,37.28909090656555,64,42,1,0,No,Fix login bug,Bug,7,5,Charlie
21,11,32.515959165771946,5,42,1,-10,No,20,45,42,13,4,85,Yes,Bug,High,4,7,30.912465091550835,73,46,4,1,No,Performance improvement,Bug,12,4,Bob
39,11,62.59186126927221,4,37,4,8,Yes,32,54,10,14,0,70,Yes,Task,Low,18,8,22.780666357054795,74,18,2,2,No,Performance improvement,Enhancement,19,7,Bob
47,37,67.98512442953037,4,57,1,-7,Yes,35,17,28,4,3,74,Yes,Story,Low,9,2,8.851701546065568,76,27,2,0,No,Fix login bug,Task,7,2,Charlie
66,63,50.05788764897991,3,54,0,8,No,43,38,40,8,2,72,No,Bug,Low,17,7,19.42672185352592,24,30,2,3,Yes,Fix login bug,Enhancement,10,1,Charlie
79,32,71.35832823983075,2,34,0,0,Yes,55,64,25,5,3,134,Yes,Task,Low,13,2,23.31322960777947,41,11,5,0,No,UI update,Task,16,1,Bob
26,46,32.13501749573346,2,44,3,-3,Yes,43,62,23,1,0,73,Yes,Task,Medium,15,2,34.830540067930386,77,47,5,0,Yes,Performance improvement,Task,3,1,Bob
63,41,32.61437321244501,3,56,2,0,Yes,38,64,14,4,3,133,No,Story,Low,17,8,20.290668308355265,27,49,2,2,No,Fix login bug,Enhancement,10,5,Charlie
27,42,87.58203924617608,8,47,3,-7,Yes,13,41,35,3,3,79,No,Story,Medium,13,2,36.11163756176235,52,45,5,2,No,Fix login bug,Task,6,7,Charlie
66,10,55.21334489878841,1,29,3,6,Yes,26,60,37,9,0,90,No,Task,Low,16,9,27.625261202891817,44,46,3,2,No,API issue,Task,18,2,Dev
54,28,38.894235885631936,8,58,3,-4,No,44,53,11,8,4,115,Yes,Bug,Medium,4,1,7.205964396039512,67,24,2,1,Yes,Fix login bug,Task,18,8,Bob
33,11,66.5570282038363,0,36,3,-3,No,22,27,15,1,3,96,Yes,Task,High,5,9,39.80929203435353,42,37,3,1,No,Fix login bug,Bug,5,4,Bob
36,62,83.89954871690276,0,58,4,-8,Yes,50,15,18,11,3,135,Yes,Story,Low,5,1,22.034841108648678,23,27,3,0,No,Performance improvement,Enhancement,7,3,Dev
55,53,45.10747192477902,4,41,4,-9,Yes,48,27,42,6,4,110,No,Bug,Medium,9,2,16.890615263544998,43,43,2,2,No,UI update,Bug,2,8,Bob
69,35,73.60233330733001,5,45,1,4,Yes,24,28,34,9,3,82,Yes,Bug,High,17,6,27.04632304984201,70,31,1,0,No,Performance improvement,Enhancement,11,2,Alice
59,41,35.97432254956376,5,44,0,-6,No,38,31,22,7,3,78,Yes,Task,Low,13,6,6.137945931279485,13,20,2,3,Yes,UI update,Enhancement,13,3,Bob
23,15,33.617720481802536,2,36,3,-10,Yes,38,46,18,4,3,105,No,Story,Low,2,1,26.188468576627464,68,22,2,3,No,API issue,Task,5,3,Dev
21,41,67.19482420977036,6,32,1,-7,No,20,41,22,13,1,127,No,Task,Low,13,7,20.932968018972375,38,13,5,2,Yes,Fix login bug,Enhancement,6,1,Alice
25,64,67.84445851270746,8,39,0,4,No,41,65,40,1,4,123,No,Task,Medium,19,8,17.453614659946158,15,31,2,2,No,API issue,Bug,14,6,Charlie
73,13,74.62009310487446,9,44,2,9,No,11,50,20,12,3,81,No,Task,Medium,3,2,38.21476080479817,58,16,1,3,Yes,UI update,Bug,12,2,Dev
61,64,80.82639336058631,7,23,4,8,Yes,56,68,13,2,4,83,No,Bug,High,10,8,21.856509235818024,49,33,5,2,Yes,Performance improvement,Bug,4,1,Dev
23,20,98.30964556237743,5,29,0,-8,No,23,12,43,12,2,103,Yes,Bug,Medium,2,9,10.32646421985766,74,13,0,1,No,Performance improvement,Enhancement,6,2,Charlie
73,65,66.14102438108367,7,22,2,9,Yes,29,37,47,5,2,122,No,Story,Medium,13,6,19.44061221633735,78,37,0,1,No,API issue,Bug,10,6,Dev
48,68,52.606953105887214,4,37,0,0,No,31,19,13,12,3,89,Yes,Story,Low,19,5,36.93672137376156,36,24,3,2,Yes,UI update,Enhancement,18,4,Bob
37,26,85.66303363380925,7,55,4,6,Yes,20,60,47,11,4,85,Yes,Task,Low,17,9,8.691627910562598,15,10,3,3,No,API issue,Bug,15,6,Charlie
45,47,48.95825758834519,9,41,4,2,No,36,44,28,5,4,139,No,Task,Low,14,9,10.130367470153002,22,12,1,0,No,API issue,Bug,8,9,Dev
63,33,60.72799944939453,3,53,1,0,Yes,12,38,15,8,4,125,No,Task,Low,12,1,2.4951235747691825,73,23,4,2,No,Fix login bug,Enhancement,9,8,Charlie
53,14,35.49194669395862,9,27,3,-9,No,26,63,43,6,1,127,No,Story,Low,12,3,2.539221877039153,71,47,0,2,Yes,API issue,Bug,5,1,Charlie
29,61,31.774552039082025,7,59,0,-2,Yes,53,24,27,8,2,73,Yes,Bug,Low,11,9,33.51688182442348,28,10,3,0,No,Fix login bug,Task,10,8,Charlie
55,43,97.38538902745475,9,38,0,-9,Yes,37,42,22,2,4,73,No,Bug,Low,7,2,29.82065906003232,52,47,0,2,No,Fix login bug,Enhancement,6,9,Alice
33,15,88.51860843585442,1,56,2,-2,Yes,38,16,32,3,4,89,No,Task,High,4,4,15.491560145174414,29,47,1,0,No,Performance improvement,Enhancement,16,6,Dev
50,31,78.71819442655885,4,25,4,-2,Yes,30,21,28,6,1,79,No,Task,High,19,4,28.535823974647766,77,30,1,3,Yes,Fix login bug,Enhancement,3,5,Alice
67,20,58.62670610899889,8,45,0,-3,No,56,58,20,12,1,93,No,Task,High,1,2,17.01782519977887,53,38,4,1,No,Fix login bug,Task,10,6,Dev
34,57,42.130602404959205,3,53,4,6,No,25,39,10,13,4,95,No,Task,High,3,3,38.210078247917444,32,14,4,3,Yes,Performance improvement,Enhancement,11,6,Bob
27,25,40.95059298697602,5,25,0,-10,Yes,46,30,33,10,0,106,Yes,Story,Low,13,3,38.74800189418932,11,19,5,1,No,API issue,Bug,11,9,Bob
33,42,47.51700287152167,0,56,1,0,No,29,40,16,3,4,123,Yes,Bug,High,15,1,16.92616348075505,31,37,1,0,Yes,UI update,Bug,17,4,Bob
42,18,68.44586652942843,8,52,3,-3,Yes,15,67,34,6,4,90,Yes,Task,Low,2,6,34.460432440952985,66,30,3,1,No,UI update,Bug,4,2,Dev
79,69,80.02171458900436,0,41,0,-1,Yes,28,33,30,6,1,107,No,Story,High,11,8,31.377383584503715,16,16,0,3,No,UI update,Enhancement,4,9,Charlie
76,68,76.21381637024119,4,40,4,-4,No,14,29,24,2,1,115,No,Task,Medium,4,3,13.779997612527994,65,12,2,1,Yes,API issue,Bug,17,2,Charlie
59,15,49.595372786216004,3,25,1,-8,Yes,12,46,10,7,4,73,No,Task,High,19,5,10.817513498242027,76,29,4,0,Yes,Fix login bug,Enhancement,9,9,Alice
40,25,96.84056964642359,2,25,0,-8,Yes,10,13,21,12,4,129,Yes,Bug,High,17,1,19.412916714927686,25,28,2,1,Yes,UI update,Bug,19,2,Alice
35,38,81.65278416870379,5,23,2,7,No,47,37,16,2,4,126,No,Task,Low,3,7,31.691255943347436,60,44,3,2,No,API issue,Task,5,8,Bob
64,12,68.80478367579805,1,49,3,-6,Yes,24,53,24,6,1,114,No,Bug,High,18,1,38.48637581969233,21,13,4,3,No,Fix login bug,Task,6,9,Alice
37,29,72.82045223640466,2,30,0,1,Yes,43,29,30,1,4,89,No,Bug,Medium,8,9,31.016004616929756,62,14,2,2,No,Performance improvement,Task,3,9,Dev
66,69,59.372004369945294,4,49,1,1,Yes,44,69,28,3,4,86,Yes,Bug,Low,19,8,34.49786543069806,14,10,3,0,No,UI update,Task,1,9,Dev
72,68,47.34116926508102,8,50,2,8,Yes,58,33,38,2,3,73,No,Story,Low,5,7,24.916443634479627,36,13,0,1,Yes,Fix login bug,Enhancement,16,2,Alice
43,45,54.91808750558831,1,43,1,-5,No,34,59,34,7,0,83,Yes,Story,High,7,7,33.74549757200079,21,21,3,2,No,UI update,Bug,11,4,Alice
45,28,83.04922773250584,9,28,1,-9,No,33,58,42,14,2,72,No,Bug,Low,8,5,31.807992604129872,26,36,5,2,No,UI update,Task,13,7,Alice
44,35,31.00754420408291,7,22,2,1,No,21,60,41,4,0,127,Yes,Task,Low,5,5,16.325450593198646,15,32,4,1,No,UI update,Enhancement,10,2,Alice
79,12,38.12508483548414,1,50,1,8,Yes,27,41,44,8,3,124,Yes,Bug,Low,17,5,22.975631480587403,14,34,1,1,No,Fix login bug,Task,3,1,Bob
79,28,33.22018494152269,4,59,2,-6,Yes,24,50,47,6,2,73,Yes,Task,Low,5,1,32.5806186356084,66,30,0,3,No,API issue,Task,9,3,Bob
79,29,32.85101616232791,6,56,0,1,No,53,45,35,12,4,93,No,Bug,Low,4,8,3.750155899218342,37,33,2,2,No,Fix login bug,Enhancement,12,4,Alice
64,41,89.8822408807705,7,55,2,6,Yes,25,67,20,10,3,103,No,Task,Low,19,1,32.70701272952154,78,34,4,2,No,UI update,Enhancement,14,8,Dev
60,16,79.25605015660166,0,43,2,6,Yes,36,62,44,4,4,99,Yes,Story,Medium,2,4,8.75974871386289,68,41,1,0,Yes,Fix login bug,Bug,1,6,Bob
48,61,63.19216803611276,5,50,3,-1,Yes,17,43,17,5,1,88,Yes,Task,High,11,9,21.55797745061468,42,41,3,3,No,Performance improvement,Bug,18,2,Dev
34,50,36.848391245570106,0,25,2,6,Yes,55,45,23,13,3,100,No,Bug,Medium,13,9,32.71446670312563,71,14,1,0,No,API issue,Task,17,9,Charlie
64,42,64.41311125817826,1,21,2,4,No,34,11,19,13,1,129,No,Story,Low,15,5,11.645200969954404,59,45,4,2,No,Fix login bug,Task,9,2,Dev
20,49,63.143023954639595,0,39,0,1,No,26,24,11,9,3,129,Yes,Task,Low,12,4,11.340682693633815,28,48,4,0,No,Performance improvement,Bug,9,5,Alice
44,48,42.124130893701064,4,47,3,5,No,38,43,18,7,3,88,No,Task,High,11,3,17.305047141565574,78,25,5,2,Yes,API issue,Bug,10,4,Charlie
26,27,60.369615446658116,9,30,4,8,Yes,17,45,12,10,1,118,No,Task,Medium,7,3,35.99642630795011,75,42,5,2,Yes,Performance improvement,Enhancement,19,7,Bob
28,49,57.895331407816144,8,23,0,-3,No,24,15,30,14,2,132,No,Task,High,5,5,2.0168256946138996,56,30,1,0,Yes,API issue,Bug,15,8,Bob
43,10,73.10950686365516,5,34,0,6,No,36,48,35,14,0,91,No,Task,Medium,17,1,36.25255767239353,48,18,3,0,Yes,Fix login bug,Bug,5,5,Charlie
20,20,74.45655556073507,0,25,4,-6,Yes,55,51,17,9,4,93,Yes,Story,Low,9,5,7.8446669363810955,77,15,1,1,Yes,Performance improvement,Task,15,5,Dev
63,37,33.17128068404312,0,49,2,5,Yes,59,60,11,7,3,99,No,Story,High,14,6,39.62328229056432,42,44,4,1,Yes,UI update,Bug,2,2,Bob
27,66,56.22288302385299,1,57,1,-5,No,16,60,15,12,4,127,No,Story,High,12,7,38.28418573546179,22,48,4,1,No,Performance improvement,Task,13,8,Alice
43,34,73.81019409999655,8,21,3,-3,No,12,67,37,1,1,100,Yes,Story,Low,6,9,20.797657204468766,63,31,2,2,Yes,API issue,Bug,16,2,Charlie
30,59,65.21953810060614,2,34,1,7,No,38,63,38,12,4,133,Yes,Bug,High,17,3,21.48336941687987,16,14,5,0,Yes,Fix login bug,Enhancement,15,6,Alice
70,32,89.95428888318256,0,30,4,1,No,53,21,35,8,1,88,No,Story,Medium,19,2,20.298874930482462,23,32,2,3,No,API issue,Bug,10,8,Charlie
36,40,76.10855421332616,4,27,0,4,Yes,33,12,34,4,4,117,No,Task,Medium,19,3,26.14685853506186,28,26,0,2,Yes,Performance improvement,Bug,14,6,Bob
27,39,41.405409895700075,6,45,0,-2,No,12,54,21,3,0,114,No,Task,Medium,16,9,5.4474246849273795,63,21,4,3,No,Performance improvement,Bug,10,4,Dev
54,51,34.93981231803009,5,24,3,2,No,29,27,14,14,0,124,No,Story,Medium,12,7,3.239482036979527,29,32,2,0,No,UI update,Task,14,4,Charlie
54,44,74.96934947444208,0,25,0,4,Yes,55,49,43,13,0,124,Yes,Task,Low,12,9,4.192711279804157,38,25,1,2,Yes,Fix login bug,Enhancement,9,6,Charlie
52,16,31.855791737913528,4,45,0,-1,No,24,30,46,7,0,87,Yes,Story,High,6,2,18.885883271177548,33,12,5,3,No,Fix login bug,Bug,14,4,Alice
78,69,71.00429068914244,4,23,3,5,Yes,34,24,24,12,0,132,Yes,Task,Medium,4,5,12.470821690340369,72,39,5,3,Yes,Performance improvement,Task,3,8,Bob
24,25,95.81611689974703,5,38,3,-4,Yes,39,42,45,3,0,116,No,Bug,Low,6,4,25.637503370097765,66,31,3,1,Yes,Fix login bug,Enhancement,16,9,Alice
61,35,70.28319245131152,2,39,4,6,Yes,23,44,24,8,1,126,No,Bug,High,11,2,39.7128069962416,17,18,1,1,No,UI update,Task,2,1,Bob
58,57,57.17189483445654,4,52,0,-4,No,16,35,32,6,3,114,No,Story,High,1,9,16.680280576905705,71,38,3,1,No,API issue,Task,10,4,Alice
77,66,75.03017529096472,6,39,0,3,No,26,17,15,5,4,102,No,Story,Low,15,9,23.805967655971507,38,46,2,2,Yes,Fix login bug,Enhancement,3,4,Charlie
60,61,62.07770233440616,4,31,4,4,Yes,53,45,30,4,0,86,Yes,Story,Low,11,6,17.79294804447875,26,32,0,0,No,Performance improvement,Bug,11,2,Alice
47,69,68.19317525211545,4,20,2,-4,No,29,57,32,8,1,139,Yes,Task,Medium,19,6,34.19632337343066,75,22,1,0,No,API issue,Task,11,6,Dev
26,58,95.90253661435676,4,45,2,-2,No,45,39,25,8,1,73,No,Story,High,18,8,36.284983331565044,15,41,1,1,Yes,API issue,Task,13,3,Bob
28,11,57.027184646054195,9,33,2,8,Yes,18,32,24,12,1,89,Yes,Bug,High,17,6,35.33951326379988,67,32,1,1,Yes,UI update,Bug,7,7,Bob
27,10,97.283339467674,9,57,4,5,Yes,47,51,34,1,3,116,No,Task,Low,19,1,39.02614506981179,78,26,3,1,No,Performance improvement,Bug,17,5,Charlie
31,57,93.37454493692447,2,56,0,-3,No,57,53,45,9,4,84,No,Story,High,14,4,3.045729035335781,37,49,2,3,Yes,Fix login bug,Enhancement,2,4,Bob
53,21,43.70537943525075,0,30,4,7,Yes,31,23,20,14,3,139,Yes,Task,Medium,18,7,33.91301416153018,71,30,1,1,Yes,Performance improvement,Enhancement,12,5,Dev
52,14,34.85529106126158,4,55,4,7,No,11,23,24,5,2,116,No,Task,High,19,2,30.567342575485544,50,11,1,3,Yes,API issue,Enhancement,10,8,Alice
67,46,37.05446009641987,8,32,2,9,No,33,11,13,4,1,78,No,Story,Low,15,9,10.690387557213862,78,46,5,0,Yes,Performance improvement,Bug,18,3,Charlie
74,41,31.275527795608483,0,22,1,-4,No,17,64,30,6,2,85,Yes,Task,Low,15,8,38.340163548726046,50,15,0,2,Yes,Fix login bug,Task,11,7,Dev
42,68,36.61100725291499,2,52,0,-8,No,20,46,22,6,0,138,No,Bug,Medium,4,8,7.630761272737928,58,27,5,2,Yes,Fix login bug,Task,16,6,Bob
43,64,77.81047413914499,3,25,2,7,Yes,22,14,31,2,0,130,No,Bug,Medium,7,7,27.82289723108852,58,39,5,2,Yes,UI update,Enhancement,17,1,Bob
56,18,34.98320539221603,0,29,1,-1,Yes,26,47,28,8,3,79,Yes,Task,High,13,4,10.545828239004674,12,31,0,2,No,Fix login bug,Bug,19,7,Dev
54,50,52.32829412056329,0,24,1,-4,Yes,17,54,43,7,4,119,No,Story,High,3,2,18.392464653414837,19,42,2,3,Yes,Fix login bug,Task,18,7,Alice
63,44,89.14127176786181,7,42,3,6,Yes,30,50,23,1,2,72,Yes,Task,Low,16,3,29.32807608389362,44,39,5,3,No,Performance improvement,Enhancement,3,1,Alice
59,28,31.62903550150781,1,29,0,3,No,27,63,13,5,4,139,No,Bug,Medium,9,6,23.406336397255775,11,26,2,1,No,Performance improvement,Task,16,9,Charlie
41,57,87.0127937812255,7,21,1,-8,No,39,69,36,12,3,120,Yes,Task,Medium,8,5,18.245069590468244,33,41,5,3,No,API issue,Task,6,6,Bob
46,25,49.729834234137996,6,32,2,1,Yes,27,56,38,6,0,88,Yes,Task,Medium,13,8,14.400860375415515,47,23,4,1,Yes,UI update,Bug,12,2,Dev
54,12,38.27153793351594,9,59,3,2,No,55,23,37,4,4,111,Yes,Bug,High,17,6,33.90706691693403,31,19,0,1,Yes,Performance improvement,Bug,11,5,Alice
20,29,78.77160157549054,9,21,0,-9,No,56,65,44,2,4,104,No,Task,Medium,17,6,7.464945311962921,35,45,5,2,No,Fix login bug,Task,15,4,Charlie
54,33,74.02599927459188,1,39,4,-8,No,40,48,17,13,0,115,Yes,Task,Low,17,1,18.343909308132403,52,43,4,3,Yes,API issue,Enhancement,15,7,Bob
56,63,91.4230409468937,5,20,2,-6,Yes,47,34,25,14,2,95,Yes,Story,Low,1,4,36.3427877274554,64,18,3,3,No,Performance improvement,Bug,16,8,Bob
66,65,81.454973066272,5,56,1,0,Yes,41,29,45,4,0,138,Yes,Story,High,8,5,34.142282917478774,48,37,4,1,Yes,UI update,Task,10,1,Charlie
33,42,86.24366512693939,2,28,1,-3,Yes,20,11,39,1,4,133,Yes,Bug,High,19,3,17.235786973975774,38,20,1,1,Yes,UI update,Bug,12,5,Charlie
22,33,49.742420079991454,1,36,2,1,No,54,48,27,7,2,106,Yes,Bug,Medium,6,9,30.998117816849714,29,23,5,0,No,API issue,Bug,13,3,Alice
20,61,42.4207680645806,0,28,1,-4,Yes,34,15,11,2,2,118,No,Bug,High,3,1,33.280111566936654,50,48,4,0,No,API issue,Bug,4,1,Dev
24,20,82.54303261486008,5,30,3,4,Yes,42,26,22,13,0,90,No,Story,Low,5,6,35.77772211213793,63,28,2,1,No,API issue,Task,7,3,Bob
45,58,86.47843174870849,4,34,0,6,Yes,47,68,13,2,4,133,No,Bug,Medium,13,6,22.691219223870664,29,24,3,0,Yes,API issue,Enhancement,2,6,Dev
74,17,99.33535994004713,8,43,3,-7,Yes,50,34,35,9,3,74,No,Bug,Low,15,5,9.769513670079048,28,37,5,0,No,API issue,Enhancement,15,7,Bob
33,45,58.88323738379985,0,57,1,2,Yes,17,66,34,5,4,139,No,Bug,Medium,14,5,11.701744907149402,75,33,1,1,Yes,Fix login bug,Enhancement,8,8,Bob
58,47,56.04126600549482,6,54,4,7,Yes,20,37,39,2,1,73,No,Story,High,16,5,13.23639761358096,39,17,4,1,Yes,Fix login bug,Bug,7,4,Dev
46,49,84.34890725193978,4,49,0,-10,No,31,11,20,11,3,108,No,Task,Medium,18,6,24.56449427076539,62,18,3,3,Yes,Performance improvement,Task,15,3,Charlie
28,29,53.85624781771125,4,50,0,5,No,33,44,16,9,2,104,Yes,Bug,Medium,11,8,3.2467657168871207,43,42,5,1,No,UI update,Bug,14,5,Alice
34,44,95.15301279224953,1,24,2,2,Yes,50,46,40,9,3,70,No,Task,Low,3,2,26.169613813638794,31,42,3,1,No,Fix login bug,Enhancement,8,9,Bob
34,57,90.08889262901083,2,33,2,-1,Yes,26,14,19,1,2,93,Yes,Bug,Low,10,6,15.845461060272816,76,28,1,2,No,Fix login bug,Enhancement,12,6,Charlie
45,34,60.02958191625129,6,30,4,1,No,21,10,48,11,2,126,Yes,Task,Medium,10,1,13.219188494606403,15,12,4,3,Yes,Fix login bug,Task,13,9,Bob
61,44,82.56097474540482,5,28,0,-9,No,55,49,22,3,3,139,No,Story,High,16,4,35.420869687668805,36,19,3,3,Yes,Performance improvement,Bug,11,6,Alice
79,34,82.81800118592776,1,53,4,-8,Yes,41,21,40,4,2,110,Yes,Story,High,12,3,19.48009103207036,19,49,3,3,No,API issue,Enhancement,17,2,Bob
32,38,37.218670818515285,5,31,2,-1,Yes,24,65,16,14,2,123,Yes,Bug,Low,2,9,5.612015730242326,57,10,0,2,Yes,Performance improvement,Task,17,5,Alice
70,27,93.17870346756968,1,54,2,-9,Yes,25,45,45,7,1,115,Yes,Task,High,9,3,33.41637718499739,79,38,3,1,Yes,UI update,Bug,4,9,Alice
51,55,65.36766607135,1,54,0,2,Yes,31,54,29,10,4,129,Yes,Story,Low,3,6,3.810367782587251,68,43,0,3,No,UI update,Bug,8,8,Bob
58,27,87.85202262754191,1,20,3,2,No,37,32,13,4,4,129,No,Bug,High,15,1,29.616470518391473,68,22,4,3,No,UI update,Enhancement,5,7,Bob
68,11,52.40347207214282,2,59,1,7,Yes,29,56,16,2,1,126,No,Bug,Medium,3,6,31.408436427285274,11,10,5,0,No,UI update,Enhancement,16,1,Alice
71,63,92.68662599473403,1,41,2,-8,Yes,42,40,10,7,3,100,No,Story,Low,19,4,15.398899025296611,38,43,5,3,Yes,Fix login bug,Bug,4,4,Charlie
51,44,57.24411751139142,3,48,2,-4,Yes,19,20,22,6,0,93,No,Story,Low,18,8,33.341938538555894,77,38,4,1,Yes,Fix login bug,Bug,15,7,Dev
23,25,30.758635603620885,8,27,3,3,Yes,49,19,31,3,0,105,No,Bug,Medium,8,9,21.59505742254523,74,22,4,1,Yes,Performance improvement,Enhancement,12,7,Alice
49,50,93.37673834934846,5,30,3,9,No,41,12,30,6,0,99,No,Task,Low,17,4,19.605158824366278,35,38,2,0,Yes,API issue,Bug,5,6,Bob
56,45,36.390067375029346,0,56,4,6,No,59,63,31,11,1,93,No,Task,High,8,6,3.7253246958103166,19,48,4,3,Yes,UI update,Enhancement,16,8,Bob
42,42,52.351954631329036,7,33,4,1,No,42,23,37,6,1,99,No,Task,High,7,1,13.021109358658425,62,33,3,3,No,Performance improvement,Bug,14,6,Charlie
58,13,96.50433769355635,6,49,1,5,Yes,11,25,18,12,2,76,No,Bug,Low,7,4,37.37837889364139,68,35,5,3,Yes,Fix login bug,Enhancement,10,3,Dev
64,42,96.54250028562893,9,54,1,1,Yes,42,19,35,5,0,104,No,Story,High,3,7,16.889310604773,31,26,1,2,Yes,Fix login bug,Task,7,4,Alice
34,23,70.14065216863003,2,40,0,4,No,42,38,18,4,3,124,Yes,Bug,Low,1,1,22.774619781157195,60,16,5,3,Yes,API issue,Enhancement,13,3,Alice
62,30,74.22860485188595,0,56,4,-1,Yes,50,19,24,10,3,83,No,Story,Medium,4,8,22.216823801401567,57,22,0,1,No,API issue,Enhancement,5,1,Dev
48,57,61.39118653848239,4,24,2,-4,Yes,22,21,19,12,0,79,Yes,Task,Low,5,6,24.436381413262346,30,14,5,1,No,API issue,Task,3,5,Alice
55,29,50.52475401886451,3,38,4,9,No,39,39,33,1,0,85,Yes,Task,Medium,1,5,4.330576314444739,31,35,2,2,No,Performance improvement,Bug,15,1,Dev
32,65,53.006518175894115,9,33,2,-6,No,42,50,17,10,0,123,Yes,Story,High,15,9,15.762697682351675,39,12,4,2,Yes,Fix login bug,Task,4,1,Bob
51,17,77.0762919253927,7,45,3,-10,No,22,10,33,6,1,139,Yes,Story,Medium,5,2,29.47887440753706,34,16,4,3,No,Fix login bug,Enhancement,15,2,Dev
